<?xml version="1.0" encoding="UTF-8"?>
<project-private xmlns="http://www.netbeans.org/ns/project-private/1">
    <editor-bookmarks xmlns="http://www.netbeans.org/ns/editor-bookmarks/2" lastBookmarkId="0"/>
    <open-files xmlns="http://www.netbeans.org/ns/projectui-open-files/2">
        <group>
            <file>file:/C:/Users/Latisha/Documents/NetBeansProjects/gestionsalle/src/vue/Formsalle.java</file>
            <file>file:/C:/Users/Latisha/Documents/NetBeansProjects/gestionsalle/src/vue/Formprincipal.java</file>
            <file>file:/C:/Users/Latisha/Documents/NetBeansProjects/gestionsalle/src/vue/Formchef.java</file>
            <file>file:/C:/Users/Latisha/Documents/NetBeansProjects/gestionsalle/src/gestionsalle/Gestionsalle.java</file>
            <file>file:/C:/Users/Latisha/Documents/NetBeansProjects/gestionsalle/src/vue/Formreservation.java</file>
        </group>
    </open-files>
</project-private>
